{
  "dashboard": {
    "id": 1,
    "langs": {
      "es": "Escritorio",
      "en": "Dashboard"
    },
    "icon": "dashboard",
    "notifications": 3,
    "to": "#/home",
    "active": true,
    "children": {
      "children_one": {
        "id": 2,
        "langs": {
          "es": "Escritorio Children",
          "en": "Dashboard Children"
        },
        "icon": "dashboard",
        "notifications": 3,
        "to": "#/home",
        "active": false,
        "children": {}
      }
    }
  }
}
